Channel,Spend_Multiplier,Spend,Incremental_KPI_Mean,Incremental_KPI_CI90_Lower,Incremental_KPI_CI90_Upper
Channel0,0.0,0.0,0.0,0.0,0.0
Channel1,0.0,0.0,0.0,0.0,0.0
Channel2,0.0,0.0,0.0,0.0,0.0
Channel3,0.0,0.0,0.0,0.0,0.0
Channel4,0.0,0.0,0.0,0.0,0.0
Channel0,0.2,8100342.61599564,1101311051.1750336,267925475.59836468,2439563679.327311
Channel1,0.2,6264059.640472921,516829559.70857996,143382893.74878004,1204057728.8494728
Channel2,0.2,2415869.8683078,295488897.10048366,111554661.29926717,562100970.3669391
Channel3,0.2,17572071.6497772,1309187895.4891682,393628813.38984126,2932509621.838798
Channel4,0.2,9546136.695543636,1375831493.633667,360387318.5640025,3276725678.8527627
Channel0,0.4,16200685.23199128,1830715762.8625712,467836324.57585114,3888140785.5272355
Channel1,0.4,12528119.280945841,857786146.9397578,249750548.0060093,1938159129.4126542
Channel2,0.4,4831739.7366156,498154483.9660121,192459435.58535987,909866177.4400787
Channel3,0.4,35144143.2995544,2158670442.576936,678803074.7403679,4512470227.182505
Channel4,0.4,19092273.39108727,2240455069.2066474,619495860.8046508,4982280468.512139
Channel0,0.6000000000000001,24301027.84798692,2371784628.1617985,616205369.0584686,4951673070.901991
Channel1,0.6000000000000001,18792178.921418764,1113097103.4070942,325446652.10523945,2421372083.5632644
Channel2,0.6000000000000001,7247609.604923401,655238625.6594152,256566388.54361302,1178813065.0717077
Channel3,0.6000000000000001,52716214.94933161,2782135014.44737,884110213.8957953,5656834605.970396
Channel4,0.6000000000000001,28638410.08663091,2867799215.6672406,816690992.3118607,6164634771.893048
Channel0,0.8,32401370.46398256,2795909291.9999824,730829751.0078515,5710447700.320811
Channel1,0.8,25056238.561891682,1315492499.8464189,387891424.17444706,2823280015.9308662
Channel2,0.8,9663479.4732312,783787176.3227723,308577357.6918359,1390133099.8489892
Channel3,0.8,70288286.5991088,3267520011.7309823,1043152645.9626834,6477043298.268683
Channel4,0.8,38184546.78217454,3353467922.875289,966017152.3494495,7055358050.498349
Channel0,1.0,40501713.0799782,3140250975.829549,822582917.9362687,6343286962.829266
Channel1,1.0,31320298.2023646,1481685300.8061442,439753596.51458406,3157366118.5709343
Channel2,1.0,12079349.341539,892513904.5624067,351681064.1736869,1574830146.8037612
Channel3,1.0,87860358.248886,3659701431.1191416,1189535869.597973,7131087868.656302
Channel4,1.0,47730683.477718174,3744659502.745845,1106220379.4312785,7743113254.5156
Channel0,1.2000000000000002,48602055.69597384,3426892932.706388,903262669.7595557,6891941033.975411
Channel1,1.2000000000000002,37584357.84283753,1621547367.2613022,479648263.84183884,3432682169.805887
Channel2,1.2000000000000002,14495219.209846802,986586753.761489,387667722.966537,1733993687.5682988
Channel3,1.2000000000000002,105432429.89866322,3984992249.182513,1294883304.9808588,7714242774.716371
Channel4,1.2000000000000002,57276820.17326182,4068535877.4184875,1193165154.3519685,8306886771.678015
Channel0,1.4000000000000001,56702398.31196948,3670070205.627104,968389497.7557663,7350484850.805306
Channel1,1.4000000000000001,43848417.483310446,1741438621.888351,518776364.910846,3658553358.3601027
Channel2,1.4000000000000001,16911089.0781546,1069356743.8701701,420236356.28027254,1880152518.7382362
Channel3,1.4000000000000001,123004501.54844041,4260188257.803998,1393271030.476053,8181452959.503763
Channel4,1.4000000000000001,66822956.86880545,4342232133.068725,1274335038.051999,8760856425.776863
Channel0,1.6,64802740.92796512,3879491604.4372177,1021166014.9846342,7734383795.65952
Channel1,1.6,50112477.123783365,1845706214.9168038,545751687.1275012,3870675534.23332
Channel2,1.6,19326958.9464624,1143133167.8793666,447748236.6073691,1997350483.9346042
Channel3,1.6,140576573.1982176,4496658243.128668,1474023106.0467215,8557147017.932842
Channel4,1.6,76369093.56434909,4577255785.453017,1347239413.3666975,9134253935.05352
Channel0,1.8,72903083.54396077,4062063088.931634,1061950780.4716722,8093502708.098993
Channel1,1.8,56376536.76425628,1937453673.9981222,572185396.9766043,4055705536.610491
Channel2,1.8,21742828.8147702,1209580164.178652,470647294.95109063,2119578508.9181712
Channel3,1.8,158148644.8479948,4702439997.168794,1538069148.387378,8971086508.739204
Channel4,1.8,85915230.25989272,4781698109.641343,1406226206.551569,9471807278.701283
Channel0,2.0,81003426.1599564,4222860618.6673613,1102860921.0185745,8372603731.146506
Channel1,2.0,62640596.4047292,2018972449.703889,594474305.063458,4211380143.36853
Channel2,2.0,24158698.683078,1269938946.2694654,492671895.7493974,2219296907.093355
Channel3,2.0,175720716.497772,4883412026.652803,1602654063.0310466,9268914189.766476
Channel4,2.0,95461366.95543635,4961453377.023442,1460274513.9916766,9764378327.858608
