channel,metric,spend,pct_of_spend,incremental_outcome,effectiveness,roi,mroi,cpik
Channel0,mean,52600000.0,0.23963553530751708,3455332304.572792,0.48169192304509656,65.69072822381733,29.274778511352928,0.021985577065047723
Channel0,median,52600000.0,0.23963553530751708,3257358839.7802644,0.45409335637710607,61.926974140309206,27.860972358955177,0.016148122634461203
Channel0,ci_lo,52600000.0,0.23963553530751708,883508548.8918223,0.12316584757398669,16.79674047322856,6.146529985850278,0.007659647090089372
Channel0,ci_hi,52600000.0,0.23963553530751708,6867157149.416828,0.9573186720066998,130.5543184299777,57.88928377225451,0.05953591767724882
Channel1,mean,26600000.0,0.12118451025056948,1357457063.503171,0.49201345325537227,51.03222043245004,27.59418508326642,0.02777832266216392
Channel1,median,26600000.0,0.12118451025056948,1198586770.3404088,0.43443054793902924,45.05965302031613,24.448443063458555,0.022192942324438032
Channel1,ci_lo,26600000.0,0.12118451025056948,409797106.94477177,0.14853190951146958,15.40590627611924,7.676354626389083,0.009436756694351974
Channel1,ci_hi,26600000.0,0.12118451025056948,2818776476.8304224,1.0216720554985772,105.9690404823467,57.88098871115688,0.06491078726430366
Channel2,mean,15700000.0,0.07152619589977222,1027572493.3363194,0.486357549040705,65.45047728256814,34.06826146711563,0.01910412003195463
Channel2,median,15700000.0,0.07152619589977222,979503326.7292521,0.4636060622044464,62.38874692543006,32.933406972908294,0.01602853171295216
Channel2,ci_lo,15700000.0,0.07152619589977222,375731332.81411636,0.17783637778387007,23.93193202637684,11.540911198707523,0.008840717804610022
Channel2,ci_hi,15700000.0,0.07152619589977222,1775874945.3622847,0.8405345524819419,113.1130538447315,61.38678419032074,0.04178520262362113
Channel3,mean,62700000.0,0.2856492027334852,3148445830.551297,0.39131317592069115,50.2144470582344,27.63812652105292,0.026954364173042426
Channel3,median,62700000.0,0.2856492027334852,2933872922.177142,0.3646443968590781,46.79223161367054,26.693406978360777,0.02137109084515402
Channel3,ci_lo,62700000.0,0.2856492027334852,1040915189.9211426,0.1293729829745265,16.60151818056049,8.607865293642693,0.010178805380117674
Channel3,ci_hi,62700000.0,0.2856492027334852,6159920173.958843,0.7656024770379161,98.24434089248554,52.02907613819243,0.06023920469508362
Channel4,mean,61900000.0,0.282004555808656,4147977183.4495687,0.5221433200406153,67.01093995879756,27.60913090410255,0.02122210188558661
Channel4,median,61900000.0,0.282004555808656,3779617269.061322,0.47577453348219867,61.06005281197612,25.599952603943706,0.0163773228812073
Channel4,ci_lo,61900000.0,0.282004555808656,1195939541.9633722,0.1505437024823018,19.320509563220874,6.735948044253455,0.007389384007233462
Channel4,ci_hi,61900000.0,0.282004555808656,8377039480.391008,1.054493555040514,135.33181713071093,55.08841017665051,0.05175852803021557
