channel,historical_spend,optimized_spend,historical_pct,optimized_pct,historical_roi,optimized_roi,historical_mroi,optimized_mroi,historical_incremental_kpi,optimized_incremental_kpi,spend_change,spend_change_pct,kpi_change
Channel0,40500000.0,52600000.0,18.45102505694761,23.963553530751707,75.35852728647384,65.69072822381733,37.63581663799197,29.274778511352928,3052020355.10219,3455332304.572792,12100000.0,29.876543209876544,403311949.47060204
Channel0,40500000.0,52600000.0,18.45102505694761,23.963553530751707,69.68069880324346,61.926974140309206,36.004513723507046,27.860972358955177,2822068301.53136,3257358839.7802644,12100000.0,29.876543209876544,435290538.2489042
Channel0,40500000.0,52600000.0,18.45102505694761,23.963553530751707,19.158983396789136,16.79674047322856,8.837545029444193,6.146529985850278,775938827.56996,883508548.8918223,12100000.0,29.876543209876544,107569721.32186234
Channel0,40500000.0,52600000.0,18.45102505694761,23.963553530751707,150.5659526962062,130.5543184299777,72.55820477448012,57.88928377225451,6097921084.196352,6867157149.416828,12100000.0,29.876543209876544,769236065.2204762
Channel1,31300000.0,26600000.0,14.259681093394077,12.118451025056947,47.25781325545644,51.03222043245004,24.11924405509279,27.59418508326642,1479169554.895787,1357457063.503171,-4700000.0,-15.015974440894569,-121712491.39261603
Channel1,31300000.0,26600000.0,14.259681093394077,12.118451025056947,41.79680928258749,45.05965302031613,21.40457074977605,24.448443063458555,1308240130.5449886,1198586770.3404088,-4700000.0,-15.015974440894569,-109653360.20457983
Channel1,31300000.0,26600000.0,14.259681093394077,12.118451025056947,14.52934056602531,15.40590627611924,6.570160131826815,7.676354626389083,454768359.7165922,409797106.94477177,-4700000.0,-15.015974440894569,-44971252.771820426
Channel1,31300000.0,26600000.0,14.259681093394077,12.118451025056947,96.0190836553543,105.9690404823467,51.50350907245809,57.88098871115688,3005397318.4125896,2818776476.8304224,-4700000.0,-15.015974440894569,-186620841.58216715
Channel2,12100000.0,15700000.0,5.5125284738041,7.152619589977221,73.71234483400575,65.45047728256814,41.469861778465116,34.06826146711563,891919372.4914696,1027572493.3363194,3600000.0,29.75206611570248,135653120.84484982
Channel2,12100000.0,15700000.0,5.5125284738041,7.152619589977221,70.09097471075954,62.38874692543006,40.20004665503374,32.933406972908294,848100794.0001905,979503326.7292521,3600000.0,29.75206611570248,131402532.7290616
Channel2,12100000.0,15700000.0,5.5125284738041,7.152619589977221,27.62614719249098,23.93193202637684,15.026707394227898,11.540911198707523,334276381.02914083,375731332.81411636,3600000.0,29.75206611570248,41454951.78497553
Channel2,12100000.0,15700000.0,5.5125284738041,7.152619589977221,128.971395953876,113.1130538447315,73.40325519009642,61.38678419032074,1560553891.0418994,1775874945.3622847,3600000.0,29.75206611570248,215321054.32038522
Channel3,87900000.0,62700000.0,40.04555808656036,28.56492027334852,42.68390232397326,50.2144470582344,20.618853394240517,27.63812652105292,3751915014.2772503,3148445830.551297,-25200000.0,-28.668941979522184,-603469183.7259531
Channel3,87900000.0,62700000.0,40.04555808656036,28.56492027334852,40.51210532043885,46.79223161367054,19.94069894965652,26.693406978360777,3561014057.6665745,2933872922.177142,-25200000.0,-28.668941979522184,-627141135.4894323
Channel3,87900000.0,62700000.0,40.04555808656036,28.56492027334852,14.264248385809642,16.60151818056049,6.1599071701342245,8.607865293642693,1253827433.1126676,1040915189.9211426,-25200000.0,-28.668941979522184,-212912243.19152498
Channel3,87900000.0,62700000.0,40.04555808656036,28.56492027334852,80.87613591374728,98.24434089248554,39.73834158680658,52.02907613819243,7109012346.818386,6159920173.958843,-25200000.0,-28.668941979522184,-949092172.8595428
Channel4,47700000.0,61900000.0,21.73120728929385,28.2004555808656,77.55528157618737,67.01093995879756,35.84297411523972,27.60913090410255,3699386931.1841383,4147977183.4495687,14200000.0,29.769392033542978,448590252.26543045
Channel4,47700000.0,61900000.0,21.73120728929385,28.2004555808656,70.99298654365424,61.06005281197612,33.88248110059222,25.599952603943706,3386365458.132307,3779617269.061322,14200000.0,29.769392033542978,393251810.92901516
Channel4,47700000.0,61900000.0,21.73120728929385,28.2004555808656,22.119599999389827,19.320509563220874,9.723979270498058,6.735948044253455,1055104919.9708948,1195939541.9633722,14200000.0,29.769392033542978,140834621.99247742
Channel4,47700000.0,61900000.0,21.73120728929385,28.2004555808656,158.4900060701783,135.33181713071093,70.33530443284103,55.08841017665051,7559973289.547506,8377039480.391008,14200000.0,29.769392033542978,817066190.843502
