Channel,Spend_Multiplier,Spend,Incremental_KPI,Marginal_Response
Channel0,0.2,8100342.61599564,1101311051.1750336,135.95857649283738
Channel0,0.4,16200685.23199128,1830715762.8625712,90.04615560917038
Channel0,0.6000000000000001,24301027.84798692,2371784628.1617985,66.79579999872914
Channel0,0.8,32401370.46398256,2795909291.9999824,52.35885492061417
Channel0,1.0,40501713.0799782,3140250975.829549,42.50952091206606
Channel0,1.2000000000000002,48602055.69597384,3426892932.706388,35.3863991272185
Channel0,1.4000000000000001,56702398.31196948,3670070205.627104,30.02061572562584
Channel0,1.6,64802740.92796512,3879491604.4372177,25.853400126134453
Channel0,1.8,72903083.54396077,4062063088.931634,22.538736094186262
Channel0,2.0,81003426.1599564,4222860618.6673613,19.85070723035872
Channel1,0.2,6264059.640472921,516829559.70857996,82.50712626828704
Channel1,0.4,12528119.280945841,857786146.9397578,54.43060998784432
Channel1,0.6000000000000001,18792178.921418764,1113097103.4070942,40.75806603400427
Channel1,0.8,25056238.561891682,1315492499.8464189,32.31057940949687
Channel1,1.0,31320298.2023646,1481685300.8061442,26.531165170575914
Channel1,1.2000000000000002,37584357.84283753,1621547367.2613022,22.3277035153833
Channel1,1.4000000000000001,43848417.483310446,1741438621.888351,19.139545519716233
Channel1,1.6,50112477.123783365,1845706214.9168038,16.64537041677671
Channel1,1.8,56376536.76425628,1937453673.9981222,14.646645202501889
Channel1,2.0,62640596.4047292,2018972449.703889,13.01372917637359
Channel2,0.2,2415869.8683078,295488897.10048366,122.31159508084735
Channel2,0.4,4831739.7366156,498154483.9660121,83.88928125813577
Channel2,0.6000000000000001,7247609.604923401,655238625.6594152,65.02177280079779
Channel2,0.8,9663479.4732312,783787176.3227723,53.21004758977317
Channel2,1.0,12079349.341539,892513904.5624067,45.005208958457786
Channel2,1.2000000000000002,14495219.209846802,986586753.761489,38.93953496136601
Channel2,1.4000000000000001,16911089.0781546,1069356743.8701701,34.26094724491824
Channel2,1.6,19326958.9464624,1143133167.8793666,30.538244206370837
Channel2,1.8,21742828.8147702,1209580164.178652,27.504377272534278
Channel2,2.0,24158698.683078,1269938946.2694654,24.98428532207814
Channel3,0.2,17572071.6497772,1309187895.4891682,74.50390150815073
Channel3,0.4,35144143.2995544,2158670442.576936,48.34276595375357
Channel3,0.6000000000000001,52716214.94933161,2782135014.44737,35.48042509138864
Channel3,0.8,70288286.5991088,3267520011.7309823,27.622525502834883
Channel3,1.0,87860358.248886,3659701431.1191416,22.318450960398387
Channel3,1.2000000000000002,105432429.89866322,3984992249.182513,18.511808086526653
Channel3,1.4000000000000001,123004501.54844041,4260188257.803998,15.660988306121219
Channel3,1.6,140576573.1982176,4496658243.128668,13.457148937112844
Channel3,1.8,158148644.8479948,4702439997.168794,11.710728145291563
Channel3,2.0,175720716.497772,4883412026.652803,10.29884427350968
Channel4,0.2,9546136.695543636,1375831493.633667,144.1244282910738
Channel4,0.4,19092273.39108727,2240455069.2066474,90.57314001973252
Channel4,0.6000000000000001,28638410.08663091,2867799215.6672406,65.71707136285323
Channel4,0.8,38184546.78217454,3353467922.875289,50.87594308541279
Channel4,1.0,47730683.477718174,3744659502.745845,40.97904653441361
Channel4,1.2000000000000002,57276820.17326182,4068535877.4184875,33.927481346861036
Channel4,1.4000000000000001,66822956.86880545,4342232133.068725,28.67089215032979
Channel4,1.6,76369093.56434909,4577255785.453017,24.619766077098742
Channel4,1.8,85915230.25989272,4781698109.641343,21.416236820049363
Channel4,2.0,95461366.95543635,4961453377.023442,18.83015853586229
